ticker,in_pool_time,source,in_pool_date
ADBE,20260308_195758,nasdaq100_pool,20260308
AMD,20260308_195758,nasdaq100_pool,20260308
ABNB,20260308_195758,nasdaq100_pool,20260308
ALNY,20260308_195758,nasdaq100_pool,20260308
GOOGL,20260308_195758,nasdaq100_pool,20260308
GOOG,20260308_195758,nasdaq100_pool,20260308
AMZN,20260308_195758,nasdaq100_pool,20260308
AEP,20260308_195758,nasdaq100_pool,20260308
AMGN,20260308_195758,nasdaq100_pool,20260308
ADI,20260308_195758,nasdaq100_pool,20260308
AAPL,20260308_195758,nasdaq100_pool,20260308
AMAT,20260308_195758,nasdaq100_pool,20260308
APP,20260308_195758,nasdaq100_pool,20260308
ARM,20260308_195758,nasdaq100_pool,20260308
ASML,20260308_195758,nasdaq100_pool,20260308
TEAM,20260308_195758,nasdaq100_pool,20260308
ADSK,20260308_195758,nasdaq100_pool,20260308
ADP,20260308_195758,nasdaq100_pool,20260308
AXON,20260308_195758,nasdaq100_pool,20260308
BKR,20260308_195758,nasdaq100_pool,20260308
BKNG,20260308_195758,nasdaq100_pool,20260308
AVGO,20260308_195758,nasdaq100_pool,20260308
CDNS,20260308_195758,nasdaq100_pool,20260308
CHTR,20260308_195758,nasdaq100_pool,20260308
CTAS,20260308_195758,nasdaq100_pool,20260308
CSCO,20260308_195758,nasdaq100_pool,20260308
CCEP,20260308_195758,nasdaq100_pool,20260308
CTSH,20260308_195758,nasdaq100_pool,20260308
CMCSA,20260308_195758,nasdaq100_pool,20260308
CEG,20260308_195758,nasdaq100_pool,20260308
CPRT,20260308_195758,nasdaq100_pool,20260308
CSGP,20260308_195758,nasdaq100_pool,20260308
COST,20260308_195758,nasdaq100_pool,20260308
CRWD,20260308_195758,nasdaq100_pool,20260308
CSX,20260308_195758,nasdaq100_pool,20260308
DDOG,20260308_195758,nasdaq100_pool,20260308
DXCM,20260308_195758,nasdaq100_pool,20260308
FANG,20260308_195758,nasdaq100_pool,20260308
DASH,20260308_195758,nasdaq100_pool,20260308
EA,20260308_195758,nasdaq100_pool,20260308
EXC,20260308_195758,nasdaq100_pool,20260308
FAST,20260308_195758,nasdaq100_pool,20260308
FER,20260308_195758,nasdaq100_pool,20260308
FTNT,20260308_195758,nasdaq100_pool,20260308
GEHC,20260308_195758,nasdaq100_pool,20260308
GILD,20260308_195758,nasdaq100_pool,20260308
HON,20260308_195758,nasdaq100_pool,20260308
IDXX,20260308_195758,nasdaq100_pool,20260308
INSM,20260308_195758,nasdaq100_pool,20260308
INTC,20260308_195758,nasdaq100_pool,20260308
INTU,20260308_195758,nasdaq100_pool,20260308
ISRG,20260308_195758,nasdaq100_pool,20260308
KDP,20260308_195758,nasdaq100_pool,20260308
KLAC,20260308_195758,nasdaq100_pool,20260308
KHC,20260308_195758,nasdaq100_pool,20260308
LRCX,20260308_195758,nasdaq100_pool,20260308
LIN,20260308_195758,nasdaq100_pool,20260308
MAR,20260308_195758,nasdaq100_pool,20260308
MRVL,20260308_195758,nasdaq100_pool,20260308
MELI,20260308_195758,nasdaq100_pool,20260308
META,20260308_195758,nasdaq100_pool,20260308
MCHP,20260308_195758,nasdaq100_pool,20260308
MU,20260308_195758,nasdaq100_pool,20260308
MSFT,20260308_195758,nasdaq100_pool,20260308
MSTR,20260308_195758,nasdaq100_pool,20260308
MDLZ,20260308_195758,nasdaq100_pool,20260308
MPWR,20260308_195758,nasdaq100_pool,20260308
MNST,20260308_195758,nasdaq100_pool,20260308
NFLX,20260308_195758,nasdaq100_pool,20260308
NVDA,20260308_195758,nasdaq100_pool,20260308
NXPI,20260308_195758,nasdaq100_pool,20260308
ORLY,20260308_195758,nasdaq100_pool,20260308
ODFL,20260308_195758,nasdaq100_pool,20260308
PCAR,20260308_195758,nasdaq100_pool,20260308
PLTR,20260308_195758,nasdaq100_pool,20260308
PANW,20260308_195758,nasdaq100_pool,20260308
PAYX,20260308_195758,nasdaq100_pool,20260308
PYPL,20260308_195758,nasdaq100_pool,20260308
PDD,20260308_195758,nasdaq100_pool,20260308
PEP,20260308_195758,nasdaq100_pool,20260308
QCOM,20260308_195758,nasdaq100_pool,20260308
REGN,20260308_195758,nasdaq100_pool,20260308
ROP,20260308_195758,nasdaq100_pool,20260308
ROST,20260308_195758,nasdaq100_pool,20260308
STX,20260308_195758,nasdaq100_pool,20260308
SHOP,20260308_195758,nasdaq100_pool,20260308
SBUX,20260308_195758,nasdaq100_pool,20260308
SNPS,20260308_195758,nasdaq100_pool,20260308
TMUS,20260308_195758,nasdaq100_pool,20260308
TTWO,20260308_195758,nasdaq100_pool,20260308
TSLA,20260308_195758,nasdaq100_pool,20260308
TXN,20260308_195758,nasdaq100_pool,20260308
TRI,20260308_195758,nasdaq100_pool,20260308
VRSK,20260308_195758,nasdaq100_pool,20260308
VRTX,20260308_195758,nasdaq100_pool,20260308
WMT,20260308_195758,nasdaq100_pool,20260308
WBD,20260308_195758,nasdaq100_pool,20260308
WDC,20260308_195758,nasdaq100_pool,20260308
WDAY,20260308_195758,nasdaq100_pool,20260308
XEL,20260308_195758,nasdaq100_pool,20260308
ZS,20260308_195758,nasdaq100_pool,20260308
ASTRAZENECA,20260308_195758,nasdaq100_pool,20260308
VERSANT,20260308_195758,nasdaq100_pool,20260308
BIOGEN,20260308_195758,nasdaq100_pool,20260308
CDW CORPORATION,20260308_195758,nasdaq100_pool,20260308
GLOBALFOUNDRIES,20260308_195758,nasdaq100_pool,20260308
LULULEMON ATHLETICA,20260308_195758,nasdaq100_pool,20260308
ON SEMICONDUCTOR,20260308_195758,nasdaq100_pool,20260308
TRADE DESK (THE),20260308_195758,nasdaq100_pool,20260308
SOLSTICE ADVANCED MATERIALS,20260308_195758,nasdaq100_pool,20260308
ANSYS,20260308_195758,nasdaq100_pool,20260308
MONGODB,20260308_195758,nasdaq100_pool,20260308
ILUMINA,20260308_195758,nasdaq100_pool,20260308
MODERNA,20260308_195758,nasdaq100_pool,20260308
SUPERMICRO,20260308_195758,nasdaq100_pool,20260308
DOLLAR TREE,20260308_195758,nasdaq100_pool,20260308
WALGREENS BOOTS ALLIANCE,20260308_195758,nasdaq100_pool,20260308
SIRIUS XM,20260308_195758,nasdaq100_pool,20260308
SPLUNK,20260308_195758,nasdaq100_pool,20260308
ALIGN TECHNOLOGY,20260308_195758,nasdaq100_pool,20260308
EBAY,20260308_195758,nasdaq100_pool,20260308
ENPHASE ENERGY,20260308_195758,nasdaq100_pool,20260308
JD.COM,20260308_195758,nasdaq100_pool,20260308
LUCID GROUP,20260308_195758,nasdaq100_pool,20260308
ZOOM VIDEO COMMUNICATIONS,20260308_195758,nasdaq100_pool,20260308
SEAGEN INC.,20260308_195758,nasdaq100_pool,20260308
ACTIVISION BLIZZARD,20260308_195758,nasdaq100_pool,20260308
RIVIAN AUTOMOTIVE,20260308_195758,nasdaq100_pool,20260308
FISERV,20260308_195758,nasdaq100_pool,20260308
VERISIGN,20260308_195758,nasdaq100_pool,20260308
SKYWORKS,20260308_195758,nasdaq100_pool,20260308
NETEASE,20260308_195758,nasdaq100_pool,20260308
BAIDU,20260308_195758,nasdaq100_pool,20260308
MATCH GROUP,20260308_195758,nasdaq100_pool,20260308
DOCUSIGN,20260308_195758,nasdaq100_pool,20260308
OKTA,20260308_195758,nasdaq100_pool,20260308
XILINX,20260308_195758,nasdaq100_pool,20260308
PELOTON,20260308_195758,nasdaq100_pool,20260308
CDW,20260308_195758,nasdaq100_pool,20260308
FOX CORPORATION,20260308_195758,nasdaq100_pool,20260308
CERNER,20260308_195758,nasdaq100_pool,20260308
CHECK POINT,20260308_195758,nasdaq100_pool,20260308
TRIP.COM,20260308_195758,nasdaq100_pool,20260308
INCYTE,20260308_195758,nasdaq100_pool,20260308
MAXIM INTEGRATED PRODUCTS,20260308_195758,nasdaq100_pool,20260308
ALEXION PHARMACEUTICALS,20260308_195758,nasdaq100_pool,20260308
BIOMARIN PHARMACEUTICAL,20260308_195758,nasdaq100_pool,20260308
CITRIX SYSTEMS,20260308_195758,nasdaq100_pool,20260308
EXPEDIA,20260308_195758,nasdaq100_pool,20260308
LIBERTY GLOBAL,20260308_195758,nasdaq100_pool,20260308
TAKE-TWO INTERACTIVE,20260308_195758,nasdaq100_pool,20260308
ULTA BEAUTY,20260308_195758,nasdaq100_pool,20260308
WESTERN DIGITAL,20260308_195758,nasdaq100_pool,20260308
NETAPP,20260308_195758,nasdaq100_pool,20260308
COSTAR GROUP,20260308_195758,nasdaq100_pool,20260308
UNITED AIRLINES HOLDINGS,20260308_195758,nasdaq100_pool,20260308
WILLIS TOWERS WATSON,20260308_195758,nasdaq100_pool,20260308
AMERICAN AIRLINES,20260308_195758,nasdaq100_pool,20260308
HASBRO,20260308_195758,nasdaq100_pool,20260308
HENRY SCHEIN,20260308_195758,nasdaq100_pool,20260308
J.B. HUNT,20260308_195758,nasdaq100_pool,20260308
MYLAN,20260308_195758,nasdaq100_pool,20260308
NORTONLIFELOCK,20260308_195758,nasdaq100_pool,20260308
WYNN RESORTS,20260308_195758,nasdaq100_pool,20260308
CELGENE,20260308_195758,nasdaq100_pool,20260308
21ST CENTURY FOX CLASS A,20260308_195758,nasdaq100_pool,20260308
21ST CENTURY FOX CLASS B,20260308_195758,nasdaq100_pool,20260308
EXPRESS SCRIPTS,20260308_195758,nasdaq100_pool,20260308
HOLOGIC,20260308_195758,nasdaq100_pool,20260308
QURATE RETAIL,20260308_195758,nasdaq100_pool,20260308
SHIRE PLC,20260308_195758,nasdaq100_pool,20260308
SEAGATE TECHNOLOGY,20260308_195758,nasdaq100_pool,20260308
VODAFONE,20260308_195758,nasdaq100_pool,20260308
DENTSPLY SIRONA,20260308_195758,nasdaq100_pool,20260308
CA INC.,20260308_195758,nasdaq100_pool,20260308
DISH NETWORK,20260308_195758,nasdaq100_pool,20260308
AKAMAI TECHNOLOGIES,20260308_195758,nasdaq100_pool,20260308
DISCOVERY COMMUNICATIONS SERIES A,20260308_195758,nasdaq100_pool,20260308
DISCOVERY COMMUNICATIONS SERIES C,20260308_195758,nasdaq100_pool,20260308
NORWEGIAN CRUISE LINE HOLDINGS,20260308_195758,nasdaq100_pool,20260308
TRACTOR SUPPLY,20260308_195758,nasdaq100_pool,20260308
VIACOM,20260308_195758,nasdaq100_pool,20260308
MATTEL,20260308_195758,nasdaq100_pool,20260308
YAHOO! INC.,20260308_195758,nasdaq100_pool,20260308
TRIPADVISOR,20260308_195758,nasdaq100_pool,20260308
SBA COMMUNICATIONS,20260308_195758,nasdaq100_pool,20260308
NXP SEMICONDUCTORS,20260308_195758,nasdaq100_pool,20260308
BED BATH & BEYOND,20260308_195758,nasdaq100_pool,20260308
STERICYCLE,20260308_195758,nasdaq100_pool,20260308
WHOLE FOODS MARKET,20260308_195758,nasdaq100_pool,20260308
LINEAR TECHNOLOGY,20260308_195758,nasdaq100_pool,20260308
ENDO INTERNATIONAL,20260308_195758,nasdaq100_pool,20260308
LIBERTY MEDIA,20260308_195758,nasdaq100_pool,20260308
SANDISK,20260308_195758,nasdaq100_pool,20260308
KLA-TENCOR,20260308_195758,nasdaq100_pool,20260308
C. H. ROBINSON WORLDWIDE,20260308_195758,nasdaq100_pool,20260308
EXPEDITORS INTERNATIONAL,20260308_195758,nasdaq100_pool,20260308
KEURIG GREEN MOUNTAIN,20260308_195758,nasdaq100_pool,20260308
GARMIN,20260308_195758,nasdaq100_pool,20260308
STAPLES,20260308_195758,nasdaq100_pool,20260308
VIMPELCOM,20260308_195758,nasdaq100_pool,20260308
LIBERTY LATIN AMERICA CLASS A,20260308_195758,nasdaq100_pool,20260308
LIBERTY LATIN AMERICA CLASS C,20260308_195758,nasdaq100_pool,20260308
BROADCOM CORPORATION,20260308_195758,nasdaq100_pool,20260308
ALTERA,20260308_195758,nasdaq100_pool,20260308
SIGMA-ALDRICH,20260308_195758,nasdaq100_pool,20260308
DIRECTV,20260308_195758,nasdaq100_pool,20260308
CATAMARAN CORPORATION,20260308_195758,nasdaq100_pool,20260308
KRAFT FOODS,20260308_195758,nasdaq100_pool,20260308
EQUINIX,20260308_195758,nasdaq100_pool,20260308
EXPEDIA GROUP,20260308_195758,nasdaq100_pool,20260308
F5 NETWORKS,20260308_195758,nasdaq100_pool,20260308
FOSSIL GROUP,20260308_195758,nasdaq100_pool,20260308
MICROCHIP TECHNOLOGY,20260308_195758,nasdaq100_pool,20260308
NUANCE COMMUNICATIONS,20260308_195758,nasdaq100_pool,20260308
SEARS HOLDINGS,20260308_195758,nasdaq100_pool,20260308
DENTSPLY,20260308_195758,nasdaq100_pool,20260308
RANDGOLD RESOURCES,20260308_195758,nasdaq100_pool,20260308
DELL,20260308_195758,nasdaq100_pool,20260308
LIFE TECHNOLOGIES,20260308_195758,nasdaq100_pool,20260308
BMC SOFTWARE,20260308_195758,nasdaq100_pool,20260308
ORACLE,20260308_195758,nasdaq100_pool,20260308
PERRIGO,20260308_195758,nasdaq100_pool,20260308
VIRGIN MEDIA,20260308_195758,nasdaq100_pool,20260308
STARZ,20260308_195758,nasdaq100_pool,20260308
APOLLO GROUP,20260308_195758,nasdaq100_pool,20260308
ELECTRONIC ARTS,20260308_195758,nasdaq100_pool,20260308
FLEXTRONICS,20260308_195758,nasdaq100_pool,20260308
GREEN MOUNTAIN COFFEE ROASTERS,20260308_195758,nasdaq100_pool,20260308
LAM RESEARCH,20260308_195758,nasdaq100_pool,20260308
MARVELL TECHNOLOGY GROUP,20260308_195758,nasdaq100_pool,20260308
NETFLIX,20260308_195758,nasdaq100_pool,20260308
RESEARCH IN MOTION,20260308_195758,nasdaq100_pool,20260308
WARNER CHILCOTT,20260308_195758,nasdaq100_pool,20260308
INFOSYS,20260308_195758,nasdaq100_pool,20260308
CTRIP,20260308_195758,nasdaq100_pool,20260308
TEVA PHARMACEUTICAL INDUSTRIES,20260308_195758,nasdaq100_pool,20260308
FIRST SOLAR,20260308_195758,nasdaq100_pool,20260308
FLIR SYSTEMS,20260308_195758,nasdaq100_pool,20260308
ILLUMINA,20260308_195758,nasdaq100_pool,20260308
NII HOLDINGS,20260308_195758,nasdaq100_pool,20260308
QIAGEN,20260308_195758,nasdaq100_pool,20260308
URBAN OUTFITTERS,20260308_195758,nasdaq100_pool,20260308
JOY GLOBAL,20260308_195758,nasdaq100_pool,20260308
CEPHALON,20260308_195758,nasdaq100_pool,20260308
MILLICOM INTERNATIONAL CELLULAR,20260308_195758,nasdaq100_pool,20260308
GENZYME,20260308_195758,nasdaq100_pool,20260308
CINTAS,20260308_195758,nasdaq100_pool,20260308
FOSTER WHEELER,20260308_195758,nasdaq100_pool,20260308
J. B. HUNT,20260308_195758,nasdaq100_pool,20260308
LOGITECH,20260308_195758,nasdaq100_pool,20260308
PATTERSON COMPANIES,20260308_195758,nasdaq100_pool,20260308
HANSEN NATURAL,20260308_195758,nasdaq100_pool,20260308
IAC/INTERACTIVECORP,20260308_195758,nasdaq100_pool,20260308
LIBERTY GLOBALCLASS A,20260308_195758,nasdaq100_pool,20260308
PHARMACEUTICAL PRODUCT DEVELOPMENT,20260308_195758,nasdaq100_pool,20260308
RYANAIR,20260308_195758,nasdaq100_pool,20260308
STEEL DYNAMICS,20260308_195758,nasdaq100_pool,20260308
JUNIPER NETWORKS,20260308_195758,nasdaq100_pool,20260308
SUN MICROSYSTEMS,20260308_195758,nasdaq100_pool,20260308
FOCUS MEDIA HOLDING,20260308_195758,nasdaq100_pool,20260308
AMYLIN PHARMACEUTICALS,20260308_195758,nasdaq100_pool,20260308
CADENCE DESIGN SYSTEMS,20260308_195758,nasdaq100_pool,20260308
DISCOVERY COMMUNICATIONSCLASS A,20260308_195758,nasdaq100_pool,20260308
LAMAR ADVERTISING COMPANY,20260308_195758,nasdaq100_pool,20260308
LEAP WIRELESS INTERNATIONAL,20260308_195758,nasdaq100_pool,20260308
LEVEL 3 COMMUNICATIONS,20260308_195758,nasdaq100_pool,20260308
PETSMART,20260308_195758,nasdaq100_pool,20260308
SIRIUS XM RADIO,20260308_195758,nasdaq100_pool,20260308
MONSTER WORLDWIDE,20260308_195758,nasdaq100_pool,20260308
UAL CORPORATION,20260308_195758,nasdaq100_pool,20260308
TELLABS,20260308_195758,nasdaq100_pool,20260308
BEA SYSTEMS,20260308_195758,nasdaq100_pool,20260308
LM ERICSSON,20260308_195758,nasdaq100_pool,20260308
PATTERSON-UTI ENERGY,20260308_195758,nasdaq100_pool,20260308
ROSS STORES,20260308_195758,nasdaq100_pool,20260308
SEPRACOR,20260308_195758,nasdaq100_pool,20260308
XM SATELLITE RADIO,20260308_195758,nasdaq100_pool,20260308
CHECKFREE CORPORATION,20260308_195758,nasdaq100_pool,20260308
NTL INCORPORATED,20260308_195758,nasdaq100_pool,20260308
BIOMET,20260308_195758,nasdaq100_pool,20260308
MEDIMMUNE,20260308_195758,nasdaq100_pool,20260308
AMERICAN EAGLE OUTFITTERS,20260308_195758,nasdaq100_pool,20260308
AMERICAN POWER CONVERSION,20260308_195758,nasdaq100_pool,20260308
COMVERSE TECHNOLOGY,20260308_195758,nasdaq100_pool,20260308
CONGLOMERATE,20260308_195758,dji_pool,20260308
FINANCIAL SERVICES,20260308_195758,dji_pool,20260308
BIOPHARMACEUTICAL,20260308_195758,dji_pool,20260308
RETAILING,20260308_195758,dji_pool,20260308
INFORMATION TECHNOLOGY,20260308_195758,dji_pool,20260308
AEROSPACE AND DEFENSE,20260308_195758,dji_pool,20260308
CONSTRUCTION AND MINING,20260308_195758,dji_pool,20260308
PETROLEUM INDUSTRY,20260308_195758,dji_pool,20260308
DRINK INDUSTRY,20260308_195758,dji_pool,20260308
BROADCASTING AND ENTERTAINMENT,20260308_195758,dji_pool,20260308
HOME IMPROVEMENT,20260308_195758,dji_pool,20260308
PHARMACEUTICAL INDUSTRY,20260308_195758,dji_pool,20260308
FOOD INDUSTRY,20260308_195758,dji_pool,20260308
CLOTHING INDUSTRY,20260308_195758,dji_pool,20260308
FAST-MOVING CONSUMER GOODS,20260308_195758,dji_pool,20260308
SPECIALTY CHEMICALS,20260308_195758,dji_pool,20260308
INSURANCE,20260308_195758,dji_pool,20260308
MANAGED HEALTH CARE,20260308_195758,dji_pool,20260308
TELECOMMUNICATIONS INDUSTRY,20260308_195758,dji_pool,20260308
MMM,20260308_195758,sp500_pool,20260308
AOS,20260308_195758,sp500_pool,20260308
ABT,20260308_195758,sp500_pool,20260308
ABBV,20260308_195758,sp500_pool,20260308
ACN,20260308_195758,sp500_pool,20260308
AES,20260308_195758,sp500_pool,20260308
AFL,20260308_195758,sp500_pool,20260308
A,20260308_195758,sp500_pool,20260308
APD,20260308_195758,sp500_pool,20260308
AKAM,20260308_195758,sp500_pool,20260308
ALB,20260308_195758,sp500_pool,20260308
ARE,20260308_195758,sp500_pool,20260308
ALGN,20260308_195758,sp500_pool,20260308
ALLE,20260308_195758,sp500_pool,20260308
LNT,20260308_195758,sp500_pool,20260308
ALL,20260308_195758,sp500_pool,20260308
MO,20260308_195758,sp500_pool,20260308
AMCR,20260308_195758,sp500_pool,20260308
AEE,20260308_195758,sp500_pool,20260308
AXP,20260308_195758,sp500_pool,20260308
AIG,20260308_195758,sp500_pool,20260308
AMT,20260308_195758,sp500_pool,20260308
AWK,20260308_195758,sp500_pool,20260308
AMP,20260308_195758,sp500_pool,20260308
AME,20260308_195758,sp500_pool,20260308
APH,20260308_195758,sp500_pool,20260308
AON,20260308_195758,sp500_pool,20260308
APA,20260308_195758,sp500_pool,20260308
APO,20260308_195758,sp500_pool,20260308
APTV,20260308_195758,sp500_pool,20260308
ACGL,20260308_195758,sp500_pool,20260308
ADM,20260308_195758,sp500_pool,20260308
ARES,20260308_195758,sp500_pool,20260308
ANET,20260308_195758,sp500_pool,20260308
AJG,20260308_195758,sp500_pool,20260308
AIZ,20260308_195758,sp500_pool,20260308
T,20260308_195758,sp500_pool,20260308
ATO,20260308_195758,sp500_pool,20260308
AZO,20260308_195758,sp500_pool,20260308
AVB,20260308_195758,sp500_pool,20260308
AVY,20260308_195758,sp500_pool,20260308
BALL,20260308_195758,sp500_pool,20260308
BAC,20260308_195758,sp500_pool,20260308
BAX,20260308_195758,sp500_pool,20260308
BDX,20260308_195758,sp500_pool,20260308
BRK.B,20260308_195758,sp500_pool,20260308
BBY,20260308_195758,sp500_pool,20260308
TECH,20260308_195758,sp500_pool,20260308
BIIB,20260308_195758,sp500_pool,20260308
BLK,20260308_195758,sp500_pool,20260308
BX,20260308_195758,sp500_pool,20260308
XYZ,20260308_195758,sp500_pool,20260308
BK,20260308_195758,sp500_pool,20260308
BA,20260308_195758,sp500_pool,20260308
BSX,20260308_195758,sp500_pool,20260308
BMY,20260308_195758,sp500_pool,20260308
BR,20260308_195758,sp500_pool,20260308
BRO,20260308_195758,sp500_pool,20260308
BF.B,20260308_195758,sp500_pool,20260308
BLDR,20260308_195758,sp500_pool,20260308
BG,20260308_195758,sp500_pool,20260308
BXP,20260308_195758,sp500_pool,20260308
CHRW,20260308_195758,sp500_pool,20260308
CPT,20260308_195758,sp500_pool,20260308
CPB,20260308_195758,sp500_pool,20260308
COF,20260308_195758,sp500_pool,20260308
CAH,20260308_195758,sp500_pool,20260308
CCL,20260308_195758,sp500_pool,20260308
CARR,20260308_195758,sp500_pool,20260308
CVNA,20260308_195758,sp500_pool,20260308
CAT,20260308_195758,sp500_pool,20260308
CBOE,20260308_195758,sp500_pool,20260308
CBRE,20260308_195758,sp500_pool,20260308
COR,20260308_195758,sp500_pool,20260308
CNC,20260308_195758,sp500_pool,20260308
CNP,20260308_195758,sp500_pool,20260308
CF,20260308_195758,sp500_pool,20260308
CRL,20260308_195758,sp500_pool,20260308
SCHW,20260308_195758,sp500_pool,20260308
CVX,20260308_195758,sp500_pool,20260308
CMG,20260308_195758,sp500_pool,20260308
CB,20260308_195758,sp500_pool,20260308
CHD,20260308_195758,sp500_pool,20260308
CIEN,20260308_195758,sp500_pool,20260308
CI,20260308_195758,sp500_pool,20260308
CINF,20260308_195758,sp500_pool,20260308
C,20260308_195758,sp500_pool,20260308
CFG,20260308_195758,sp500_pool,20260308
CLX,20260308_195758,sp500_pool,20260308
CME,20260308_195758,sp500_pool,20260308
CMS,20260308_195758,sp500_pool,20260308
KO,20260308_195758,sp500_pool,20260308
COIN,20260308_195758,sp500_pool,20260308
CL,20260308_195758,sp500_pool,20260308
FIX,20260308_195758,sp500_pool,20260308
CAG,20260308_195758,sp500_pool,20260308
COP,20260308_195758,sp500_pool,20260308
ED,20260308_195758,sp500_pool,20260308
STZ,20260308_195758,sp500_pool,20260308
COO,20260308_195758,sp500_pool,20260308
GLW,20260308_195758,sp500_pool,20260308
CPAY,20260308_195758,sp500_pool,20260308
CTVA,20260308_195758,sp500_pool,20260308
CTRA,20260308_195758,sp500_pool,20260308
CRH,20260308_195758,sp500_pool,20260308
CCI,20260308_195758,sp500_pool,20260308
CMI,20260308_195758,sp500_pool,20260308
CVS,20260308_195758,sp500_pool,20260308
DHR,20260308_195758,sp500_pool,20260308
DRI,20260308_195758,sp500_pool,20260308
DVA,20260308_195758,sp500_pool,20260308
DECK,20260308_195758,sp500_pool,20260308
DE,20260308_195758,sp500_pool,20260308
DAL,20260308_195758,sp500_pool,20260308
DVN,20260308_195758,sp500_pool,20260308
DLR,20260308_195758,sp500_pool,20260308
DG,20260308_195758,sp500_pool,20260308
DLTR,20260308_195758,sp500_pool,20260308
D,20260308_195758,sp500_pool,20260308
DPZ,20260308_195758,sp500_pool,20260308
DOV,20260308_195758,sp500_pool,20260308
DOW,20260308_195758,sp500_pool,20260308
DHI,20260308_195758,sp500_pool,20260308
DTE,20260308_195758,sp500_pool,20260308
DUK,20260308_195758,sp500_pool,20260308
DD,20260308_195758,sp500_pool,20260308
ETN,20260308_195758,sp500_pool,20260308
ECL,20260308_195758,sp500_pool,20260308
EIX,20260308_195758,sp500_pool,20260308
EW,20260308_195758,sp500_pool,20260308
ELV,20260308_195758,sp500_pool,20260308
EME,20260308_195758,sp500_pool,20260308
EMR,20260308_195758,sp500_pool,20260308
ETR,20260308_195758,sp500_pool,20260308
EOG,20260308_195758,sp500_pool,20260308
EPAM,20260308_195758,sp500_pool,20260308
EQT,20260308_195758,sp500_pool,20260308
EFX,20260308_195758,sp500_pool,20260308
EQIX,20260308_195758,sp500_pool,20260308
EQR,20260308_195758,sp500_pool,20260308
ERIE,20260308_195758,sp500_pool,20260308
ESS,20260308_195758,sp500_pool,20260308
EL,20260308_195758,sp500_pool,20260308
EG,20260308_195758,sp500_pool,20260308
EVRG,20260308_195758,sp500_pool,20260308
ES,20260308_195758,sp500_pool,20260308
EXE,20260308_195758,sp500_pool,20260308
EXPE,20260308_195758,sp500_pool,20260308
EXPD,20260308_195758,sp500_pool,20260308
EXR,20260308_195758,sp500_pool,20260308
XOM,20260308_195758,sp500_pool,20260308
FFIV,20260308_195758,sp500_pool,20260308
FDS,20260308_195758,sp500_pool,20260308
FICO,20260308_195758,sp500_pool,20260308
FRT,20260308_195758,sp500_pool,20260308
FDX,20260308_195758,sp500_pool,20260308
FIS,20260308_195758,sp500_pool,20260308
FITB,20260308_195758,sp500_pool,20260308
FSLR,20260308_195758,sp500_pool,20260308
FE,20260308_195758,sp500_pool,20260308
FISV,20260308_195758,sp500_pool,20260308
F,20260308_195758,sp500_pool,20260308
FTV,20260308_195758,sp500_pool,20260308
FOXA,20260308_195758,sp500_pool,20260308
FOX,20260308_195758,sp500_pool,20260308
BEN,20260308_195758,sp500_pool,20260308
FCX,20260308_195758,sp500_pool,20260308
GRMN,20260308_195758,sp500_pool,20260308
IT,20260308_195758,sp500_pool,20260308
GE,20260308_195758,sp500_pool,20260308
GEV,20260308_195758,sp500_pool,20260308
GEN,20260308_195758,sp500_pool,20260308
GNRC,20260308_195758,sp500_pool,20260308
GD,20260308_195758,sp500_pool,20260308
GIS,20260308_195758,sp500_pool,20260308
GM,20260308_195758,sp500_pool,20260308
GPC,20260308_195758,sp500_pool,20260308
GPN,20260308_195758,sp500_pool,20260308
GL,20260308_195758,sp500_pool,20260308
GDDY,20260308_195758,sp500_pool,20260308
GS,20260308_195758,sp500_pool,20260308
HAL,20260308_195758,sp500_pool,20260308
HIG,20260308_195758,sp500_pool,20260308
HAS,20260308_195758,sp500_pool,20260308
HCA,20260308_195758,sp500_pool,20260308
DOC,20260308_195758,sp500_pool,20260308
HSIC,20260308_195758,sp500_pool,20260308
HSY,20260308_195758,sp500_pool,20260308
HPE,20260308_195758,sp500_pool,20260308
HLT,20260308_195758,sp500_pool,20260308
HOLX,20260308_195758,sp500_pool,20260308
HD,20260308_195758,sp500_pool,20260308
HRL,20260308_195758,sp500_pool,20260308
HST,20260308_195758,sp500_pool,20260308
HWM,20260308_195758,sp500_pool,20260308
HPQ,20260308_195758,sp500_pool,20260308
HUBB,20260308_195758,sp500_pool,20260308
HUM,20260308_195758,sp500_pool,20260308
HBAN,20260308_195758,sp500_pool,20260308
HII,20260308_195758,sp500_pool,20260308
IBM,20260308_195758,sp500_pool,20260308
IEX,20260308_195758,sp500_pool,20260308
ITW,20260308_195758,sp500_pool,20260308
INCY,20260308_195758,sp500_pool,20260308
IR,20260308_195758,sp500_pool,20260308
PODD,20260308_195758,sp500_pool,20260308
IBKR,20260308_195758,sp500_pool,20260308
ICE,20260308_195758,sp500_pool,20260308
IFF,20260308_195758,sp500_pool,20260308
IP,20260308_195758,sp500_pool,20260308
IVZ,20260308_195758,sp500_pool,20260308
INVH,20260308_195758,sp500_pool,20260308
IQV,20260308_195758,sp500_pool,20260308
IRM,20260308_195758,sp500_pool,20260308
JBHT,20260308_195758,sp500_pool,20260308
JBL,20260308_195758,sp500_pool,20260308
JKHY,20260308_195758,sp500_pool,20260308
J,20260308_195758,sp500_pool,20260308
JNJ,20260308_195758,sp500_pool,20260308
JCI,20260308_195758,sp500_pool,20260308
JPM,20260308_195758,sp500_pool,20260308
KVUE,20260308_195758,sp500_pool,20260308
KEY,20260308_195758,sp500_pool,20260308
KEYS,20260308_195758,sp500_pool,20260308
KMB,20260308_195758,sp500_pool,20260308
KIM,20260308_195758,sp500_pool,20260308
KMI,20260308_195758,sp500_pool,20260308
KKR,20260308_195758,sp500_pool,20260308
KR,20260308_195758,sp500_pool,20260308
LHX,20260308_195758,sp500_pool,20260308
LH,20260308_195758,sp500_pool,20260308
LW,20260308_195758,sp500_pool,20260308
LVS,20260308_195758,sp500_pool,20260308
LDOS,20260308_195758,sp500_pool,20260308
LEN,20260308_195758,sp500_pool,20260308
LII,20260308_195758,sp500_pool,20260308
LLY,20260308_195758,sp500_pool,20260308
LYV,20260308_195758,sp500_pool,20260308
LMT,20260308_195758,sp500_pool,20260308
L,20260308_195758,sp500_pool,20260308
LOW,20260308_195758,sp500_pool,20260308
LULU,20260308_195758,sp500_pool,20260308
LYB,20260308_195758,sp500_pool,20260308
MTB,20260308_195758,sp500_pool,20260308
MPC,20260308_195758,sp500_pool,20260308
MRSH,20260308_195758,sp500_pool,20260308
MLM,20260308_195758,sp500_pool,20260308
MAS,20260308_195758,sp500_pool,20260308
MA,20260308_195758,sp500_pool,20260308
MTCH,20260308_195758,sp500_pool,20260308
MKC,20260308_195758,sp500_pool,20260308
MCD,20260308_195758,sp500_pool,20260308
MCK,20260308_195758,sp500_pool,20260308
MDT,20260308_195758,sp500_pool,20260308
MRK,20260308_195758,sp500_pool,20260308
MET,20260308_195758,sp500_pool,20260308
MTD,20260308_195758,sp500_pool,20260308
MGM,20260308_195758,sp500_pool,20260308
MAA,20260308_195758,sp500_pool,20260308
MRNA,20260308_195758,sp500_pool,20260308
MOH,20260308_195758,sp500_pool,20260308
TAP,20260308_195758,sp500_pool,20260308
MCO,20260308_195758,sp500_pool,20260308
MS,20260308_195758,sp500_pool,20260308
MOS,20260308_195758,sp500_pool,20260308
MSI,20260308_195758,sp500_pool,20260308
MSCI,20260308_195758,sp500_pool,20260308
NDAQ,20260308_195758,sp500_pool,20260308
NTAP,20260308_195758,sp500_pool,20260308
NEM,20260308_195758,sp500_pool,20260308
NWSA,20260308_195758,sp500_pool,20260308
NWS,20260308_195758,sp500_pool,20260308
NEE,20260308_195758,sp500_pool,20260308
NKE,20260308_195758,sp500_pool,20260308
NI,20260308_195758,sp500_pool,20260308
NDSN,20260308_195758,sp500_pool,20260308
NSC,20260308_195758,sp500_pool,20260308
NTRS,20260308_195758,sp500_pool,20260308
NOC,20260308_195758,sp500_pool,20260308
NCLH,20260308_195758,sp500_pool,20260308
NRG,20260308_195758,sp500_pool,20260308
NUE,20260308_195758,sp500_pool,20260308
NVR,20260308_195758,sp500_pool,20260308
OXY,20260308_195758,sp500_pool,20260308
OMC,20260308_195758,sp500_pool,20260308
ON,20260308_195758,sp500_pool,20260308
OKE,20260308_195758,sp500_pool,20260308
ORCL,20260308_195758,sp500_pool,20260308
OTIS,20260308_195758,sp500_pool,20260308
PKG,20260308_195758,sp500_pool,20260308
PSKY,20260308_195758,sp500_pool,20260308
PH,20260308_195758,sp500_pool,20260308
PAYC,20260308_195758,sp500_pool,20260308
PNR,20260308_195758,sp500_pool,20260308
PFE,20260308_195758,sp500_pool,20260308
PCG,20260308_195758,sp500_pool,20260308
PM,20260308_195758,sp500_pool,20260308
PSX,20260308_195758,sp500_pool,20260308
PNW,20260308_195758,sp500_pool,20260308
PNC,20260308_195758,sp500_pool,20260308
POOL,20260308_195758,sp500_pool,20260308
PPG,20260308_195758,sp500_pool,20260308
PPL,20260308_195758,sp500_pool,20260308
PFG,20260308_195758,sp500_pool,20260308
PG,20260308_195758,sp500_pool,20260308
PGR,20260308_195758,sp500_pool,20260308
PLD,20260308_195758,sp500_pool,20260308
PRU,20260308_195758,sp500_pool,20260308
PEG,20260308_195758,sp500_pool,20260308
PTC,20260308_195758,sp500_pool,20260308
PSA,20260308_195758,sp500_pool,20260308
PHM,20260308_195758,sp500_pool,20260308
PWR,20260308_195758,sp500_pool,20260308
DGX,20260308_195758,sp500_pool,20260308
Q,20260308_195758,sp500_pool,20260308
RL,20260308_195758,sp500_pool,20260308
RJF,20260308_195758,sp500_pool,20260308
RTX,20260308_195758,sp500_pool,20260308
O,20260308_195758,sp500_pool,20260308
REG,20260308_195758,sp500_pool,20260308
RF,20260308_195758,sp500_pool,20260308
RSG,20260308_195758,sp500_pool,20260308
RMD,20260308_195758,sp500_pool,20260308
RVTY,20260308_195758,sp500_pool,20260308
HOOD,20260308_195758,sp500_pool,20260308
ROK,20260308_195758,sp500_pool,20260308
ROL,20260308_195758,sp500_pool,20260308
RCL,20260308_195758,sp500_pool,20260308
SPGI,20260308_195758,sp500_pool,20260308
CRM,20260308_195758,sp500_pool,20260308
SNDK,20260308_195758,sp500_pool,20260308
SBAC,20260308_195758,sp500_pool,20260308
SLB,20260308_195758,sp500_pool,20260308
SRE,20260308_195758,sp500_pool,20260308
NOW,20260308_195758,sp500_pool,20260308
SHW,20260308_195758,sp500_pool,20260308
SPG,20260308_195758,sp500_pool,20260308
SWKS,20260308_195758,sp500_pool,20260308
SJM,20260308_195758,sp500_pool,20260308
SW,20260308_195758,sp500_pool,20260308
SNA,20260308_195758,sp500_pool,20260308
SOLV,20260308_195758,sp500_pool,20260308
SO,20260308_195758,sp500_pool,20260308
LUV,20260308_195758,sp500_pool,20260308
SWK,20260308_195758,sp500_pool,20260308
STT,20260308_195758,sp500_pool,20260308
STLD,20260308_195758,sp500_pool,20260308
STE,20260308_195758,sp500_pool,20260308
SYK,20260308_195758,sp500_pool,20260308
SMCI,20260308_195758,sp500_pool,20260308
SYF,20260308_195758,sp500_pool,20260308
SYY,20260308_195758,sp500_pool,20260308
TROW,20260308_195758,sp500_pool,20260308
TPR,20260308_195758,sp500_pool,20260308
TRGP,20260308_195758,sp500_pool,20260308
TGT,20260308_195758,sp500_pool,20260308
TEL,20260308_195758,sp500_pool,20260308
TDY,20260308_195758,sp500_pool,20260308
TER,20260308_195758,sp500_pool,20260308
TPL,20260308_195758,sp500_pool,20260308
TXT,20260308_195758,sp500_pool,20260308
TMO,20260308_195758,sp500_pool,20260308
TJX,20260308_195758,sp500_pool,20260308
TKO,20260308_195758,sp500_pool,20260308
TTD,20260308_195758,sp500_pool,20260308
TSCO,20260308_195758,sp500_pool,20260308
TT,20260308_195758,sp500_pool,20260308
TDG,20260308_195758,sp500_pool,20260308
TRV,20260308_195758,sp500_pool,20260308
TRMB,20260308_195758,sp500_pool,20260308
TFC,20260308_195758,sp500_pool,20260308
TYL,20260308_195758,sp500_pool,20260308
TSN,20260308_195758,sp500_pool,20260308
USB,20260308_195758,sp500_pool,20260308
UBER,20260308_195758,sp500_pool,20260308
UDR,20260308_195758,sp500_pool,20260308
ULTA,20260308_195758,sp500_pool,20260308
UNP,20260308_195758,sp500_pool,20260308
UAL,20260308_195758,sp500_pool,20260308
UPS,20260308_195758,sp500_pool,20260308
URI,20260308_195758,sp500_pool,20260308
UNH,20260308_195758,sp500_pool,20260308
UHS,20260308_195758,sp500_pool,20260308
VLO,20260308_195758,sp500_pool,20260308
VTR,20260308_195758,sp500_pool,20260308
VLTO,20260308_195758,sp500_pool,20260308
VRSN,20260308_195758,sp500_pool,20260308
VZ,20260308_195758,sp500_pool,20260308
VTRS,20260308_195758,sp500_pool,20260308
VICI,20260308_195758,sp500_pool,20260308
V,20260308_195758,sp500_pool,20260308
VST,20260308_195758,sp500_pool,20260308
VMC,20260308_195758,sp500_pool,20260308
WRB,20260308_195758,sp500_pool,20260308
GWW,20260308_195758,sp500_pool,20260308
WAB,20260308_195758,sp500_pool,20260308
DIS,20260308_195758,sp500_pool,20260308
WM,20260308_195758,sp500_pool,20260308
WAT,20260308_195758,sp500_pool,20260308
WEC,20260308_195758,sp500_pool,20260308
WFC,20260308_195758,sp500_pool,20260308
WELL,20260308_195758,sp500_pool,20260308
WST,20260308_195758,sp500_pool,20260308
WY,20260308_195758,sp500_pool,20260308
WSM,20260308_195758,sp500_pool,20260308
WMB,20260308_195758,sp500_pool,20260308
WTW,20260308_195758,sp500_pool,20260308
WYNN,20260308_195758,sp500_pool,20260308
XYL,20260308_195758,sp500_pool,20260308
YUM,20260308_195758,sp500_pool,20260308
ZBRA,20260308_195758,sp500_pool,20260308
ZBH,20260308_195758,sp500_pool,20260308
ZTS,20260308_195758,sp500_pool,20260308
